word,0,1,2,3,4,value
aback,a,b,a,c,k,0
abase,a,b,a,s,e,0
abate,a,b,a,t,e,0
abbey,a,b,b,e,y,0
abbot,a,b,b,o,t,0
abhor,a,b,h,o,r,0
abide,a,b,i,d,e,0
abled,a,b,l,e,d,0
abode,a,b,o,d,e,0
abort,a,b,o,r,t,0
about,a,b,o,u,t,0
above,a,b,o,v,e,0
abuse,a,b,u,s,e,0
abyss,a,b,y,s,s,0
acorn,a,c,o,r,n,0
acrid,a,c,r,i,d,0
actor,a,c,t,o,r,0
acute,a,c,u,t,e,0
adage,a,d,a,g,e,0
adapt,a,d,a,p,t,0
adept,a,d,e,p,t,0
admin,a,d,m,i,n,0
admit,a,d,m,i,t,0
adobe,a,d,o,b,e,0
adopt,a,d,o,p,t,0
adore,a,d,o,r,e,0
adorn,a,d,o,r,n,0
adult,a,d,u,l,t,0
affix,a,f,f,i,x,0
afire,a,f,i,r,e,0
afoot,a,f,o,o,t,0
afoul,a,f,o,u,l,0
after,a,f,t,e,r,0
again,a,g,a,i,n,0
agape,a,g,a,p,e,0
agate,a,g,a,t,e,0
agent,a,g,e,n,t,0
agile,a,g,i,l,e,0
aging,a,g,i,n,g,0
aglow,a,g,l,o,w,0
agony,a,g,o,n,y,0
agora,a,g,o,r,a,0
agree,a,g,r,e,e,0
ahead,a,h,e,a,d,0
aider,a,i,d,e,r,0
aisle,a,i,s,l,e,0
alarm,a,l,a,r,m,0
album,a,l,b,u,m,0
alert,a,l,e,r,t,0
algae,a,l,g,a,e,0
alibi,a,l,i,b,i,0
alien,a,l,i,e,n,0
align,a,l,i,g,n,0
alike,a,l,i,k,e,0
alive,a,l,i,v,e,0
allay,a,l,l,a,y,0
alley,a,l,l,e,y,0
allot,a,l,l,o,t,0
allow,a,l,l,o,w,0
alloy,a,l,l,o,y,0
aloft,a,l,o,f,t,0
alone,a,l,o,n,e,0
along,a,l,o,n,g,0
aloof,a,l,o,o,f,0
aloud,a,l,o,u,d,0
alpha,a,l,p,h,a,0
altar,a,l,t,a,r,0
alter,a,l,t,e,r,0
amass,a,m,a,s,s,0
amaze,a,m,a,z,e,0
amber,a,m,b,e,r,0
amble,a,m,b,l,e,0
amend,a,m,e,n,d,0
amiss,a,m,i,s,s,0
amity,a,m,i,t,y,0
among,a,m,o,n,g,0
ample,a,m,p,l,e,0
amply,a,m,p,l,y,0
amuse,a,m,u,s,e,0
angel,a,n,g,e,l,0
anger,a,n,g,e,r,0
angle,a,n,g,l,e,0
angry,a,n,g,r,y,0
angst,a,n,g,s,t,0
anime,a,n,i,m,e,0
ankle,a,n,k,l,e,0
annex,a,n,n,e,x,0
annoy,a,n,n,o,y,0
annul,a,n,n,u,l,0
anode,a,n,o,d,e,0
antic,a,n,t,i,c,0
anvil,a,n,v,i,l,0
aorta,a,o,r,t,a,0
apart,a,p,a,r,t,0
aphid,a,p,h,i,d,0
aping,a,p,i,n,g,0
apnea,a,p,n,e,a,0
apple,a,p,p,l,e,0
apply,a,p,p,l,y,0
apron,a,p,r,o,n,0
aptly,a,p,t,l,y,0
arbor,a,r,b,o,r,0
ardor,a,r,d,o,r,0
arena,a,r,e,n,a,0
argue,a,r,g,u,e,0
arise,a,r,i,s,e,0
armor,a,r,m,o,r,0
aroma,a,r,o,m,a,0
arose,a,r,o,s,e,0
array,a,r,r,a,y,0
arrow,a,r,r,o,w,0
arson,a,r,s,o,n,0
artsy,a,r,t,s,y,0
ascot,a,s,c,o,t,0
ashen,a,s,h,e,n,0
aside,a,s,i,d,e,0
askew,a,s,k,e,w,0
assay,a,s,s,a,y,0
asset,a,s,s,e,t,0
atoll,a,t,o,l,l,0
atone,a,t,o,n,e,0
attic,a,t,t,i,c,0
audio,a,u,d,i,o,0
audit,a,u,d,i,t,0
augur,a,u,g,u,r,0
aunty,a,u,n,t,y,0
avail,a,v,a,i,l,0
avert,a,v,e,r,t,0
avian,a,v,i,a,n,0
avoid,a,v,o,i,d,0
await,a,w,a,i,t,0
awake,a,w,a,k,e,0
award,a,w,a,r,d,0
aware,a,w,a,r,e,0
awash,a,w,a,s,h,0
awful,a,w,f,u,l,0
awoke,a,w,o,k,e,0
axial,a,x,i,a,l,0
axiom,a,x,i,o,m,0
axion,a,x,i,o,n,0
azure,a,z,u,r,e,0
bacon,b,a,c,o,n,0
badge,b,a,d,g,e,0
badly,b,a,d,l,y,0
bagel,b,a,g,e,l,0
baggy,b,a,g,g,y,0
baker,b,a,k,e,r,0
baler,b,a,l,e,r,0
balmy,b,a,l,m,y,0
banal,b,a,n,a,l,0
banjo,b,a,n,j,o,0
barge,b,a,r,g,e,0
baron,b,a,r,o,n,0
basal,b,a,s,a,l,0
basic,b,a,s,i,c,0
basil,b,a,s,i,l,0
basin,b,a,s,i,n,0
basis,b,a,s,i,s,0
baste,b,a,s,t,e,0
batch,b,a,t,c,h,0
bathe,b,a,t,h,e,0
baton,b,a,t,o,n,0
batty,b,a,t,t,y,0
bawdy,b,a,w,d,y,0
bayou,b,a,y,o,u,0
beach,b,e,a,c,h,0
beady,b,e,a,d,y,0
beard,b,e,a,r,d,0
beast,b,e,a,s,t,0
beech,b,e,e,c,h,0
beefy,b,e,e,f,y,0
befit,b,e,f,i,t,0
began,b,e,g,a,n,0
begat,b,e,g,a,t,0
beget,b,e,g,e,t,0
begin,b,e,g,i,n,0
begun,b,e,g,u,n,0
being,b,e,i,n,g,0
belch,b,e,l,c,h,0
belie,b,e,l,i,e,0
belle,b,e,l,l,e,0
belly,b,e,l,l,y,0
below,b,e,l,o,w,0
bench,b,e,n,c,h,0
beret,b,e,r,e,t,0
berry,b,e,r,r,y,0
berth,b,e,r,t,h,0
beset,b,e,s,e,t,0
betel,b,e,t,e,l,0
bevel,b,e,v,e,l,0
bezel,b,e,z,e,l,0
bible,b,i,b,l,e,0
bicep,b,i,c,e,p,0
biddy,b,i,d,d,y,0
bigot,b,i,g,o,t,0
bilge,b,i,l,g,e,0
billy,b,i,l,l,y,0
binge,b,i,n,g,e,0
bingo,b,i,n,g,o,0
biome,b,i,o,m,e,0
birch,b,i,r,c,h,0
birth,b,i,r,t,h,0
bison,b,i,s,o,n,0
bitty,b,i,t,t,y,0
black,b,l,a,c,k,0
blade,b,l,a,d,e,0
blame,b,l,a,m,e,0
bland,b,l,a,n,d,0
blank,b,l,a,n,k,0
blare,b,l,a,r,e,0
blast,b,l,a,s,t,0
blaze,b,l,a,z,e,0
bleak,b,l,e,a,k,0
bleat,b,l,e,a,t,0
bleed,b,l,e,e,d,0
bleep,b,l,e,e,p,0
blend,b,l,e,n,d,0
bless,b,l,e,s,s,0
blimp,b,l,i,m,p,0
blind,b,l,i,n,d,0
blink,b,l,i,n,k,0
bliss,b,l,i,s,s,0
blitz,b,l,i,t,z,0
bloat,b,l,o,a,t,0
block,b,l,o,c,k,0
bloke,b,l,o,k,e,0
blond,b,l,o,n,d,0
blood,b,l,o,o,d,0
bloom,b,l,o,o,m,0
blown,b,l,o,w,n,0
bluer,b,l,u,e,r,0
bluff,b,l,u,f,f,0
blunt,b,l,u,n,t,0
blurb,b,l,u,r,b,0
blurt,b,l,u,r,t,0
blush,b,l,u,s,h,0
board,b,o,a,r,d,0
boast,b,o,a,s,t,0
bobby,b,o,b,b,y,0
boney,b,o,n,e,y,0
bongo,b,o,n,g,o,0
bonus,b,o,n,u,s,0
booby,b,o,o,b,y,0
boost,b,o,o,s,t,0
booth,b,o,o,t,h,0
booty,b,o,o,t,y,0
booze,b,o,o,z,e,0
boozy,b,o,o,z,y,0
borax,b,o,r,a,x,0
borne,b,o,r,n,e,0
bosom,b,o,s,o,m,0
bossy,b,o,s,s,y,0
botch,b,o,t,c,h,0
bough,b,o,u,g,h,0
boule,b,o,u,l,e,0
bound,b,o,u,n,d,0
bowel,b,o,w,e,l,0
boxer,b,o,x,e,r,0
brace,b,r,a,c,e,0
braid,b,r,a,i,d,0
brain,b,r,a,i,n,0
brake,b,r,a,k,e,0
brand,b,r,a,n,d,0
brash,b,r,a,s,h,0
brass,b,r,a,s,s,0
brave,b,r,a,v,e,0
bravo,b,r,a,v,o,0
brawl,b,r,a,w,l,0
brawn,b,r,a,w,n,0
bread,b,r,e,a,d,0
break,b,r,e,a,k,0
breed,b,r,e,e,d,0
briar,b,r,i,a,r,0
bribe,b,r,i,b,e,0
brick,b,r,i,c,k,0
bride,b,r,i,d,e,0
brief,b,r,i,e,f,0
brine,b,r,i,n,e,0
bring,b,r,i,n,g,0
brink,b,r,i,n,k,0
briny,b,r,i,n,y,0
brisk,b,r,i,s,k,0
broad,b,r,o,a,d,0
broil,b,r,o,i,l,0
broke,b,r,o,k,e,0
brood,b,r,o,o,d,0
brook,b,r,o,o,k,0
broom,b,r,o,o,m,0
broth,b,r,o,t,h,0
brown,b,r,o,w,n,0
brunt,b,r,u,n,t,0
brush,b,r,u,s,h,0
brute,b,r,u,t,e,0
buddy,b,u,d,d,y,0
budge,b,u,d,g,e,0
buggy,b,u,g,g,y,0
bugle,b,u,g,l,e,0
build,b,u,i,l,d,0
built,b,u,i,l,t,0
bulge,b,u,l,g,e,0
bulky,b,u,l,k,y,0
bully,b,u,l,l,y,0
bunch,b,u,n,c,h,0
bunny,b,u,n,n,y,0
burly,b,u,r,l,y,0
burnt,b,u,r,n,t,0
burst,b,u,r,s,t,0
bused,b,u,s,e,d,0
bushy,b,u,s,h,y,0
butch,b,u,t,c,h,0
butte,b,u,t,t,e,0
buxom,b,u,x,o,m,0
buyer,b,u,y,e,r,0
bylaw,b,y,l,a,w,0
cabal,c,a,b,a,l,0
cabby,c,a,b,b,y,0
cabin,c,a,b,i,n,0
cable,c,a,b,l,e,0
cacao,c,a,c,a,o,0
cache,c,a,c,h,e,0
cacti,c,a,c,t,i,0
caddy,c,a,d,d,y,0
cadet,c,a,d,e,t,0
cagey,c,a,g,e,y,0
cairn,c,a,i,r,n,0
camel,c,a,m,e,l,0
cameo,c,a,m,e,o,0
canal,c,a,n,a,l,0
candy,c,a,n,d,y,0
canny,c,a,n,n,y,0
canoe,c,a,n,o,e,0
canon,c,a,n,o,n,0
caper,c,a,p,e,r,0
caput,c,a,p,u,t,0
carat,c,a,r,a,t,0
cargo,c,a,r,g,o,0
carol,c,a,r,o,l,0
carry,c,a,r,r,y,0
carve,c,a,r,v,e,0
caste,c,a,s,t,e,0
catch,c,a,t,c,h,0
cater,c,a,t,e,r,0
catty,c,a,t,t,y,0
caulk,c,a,u,l,k,0
cause,c,a,u,s,e,0
cavil,c,a,v,i,l,0
cease,c,e,a,s,e,0
cedar,c,e,d,a,r,0
cello,c,e,l,l,o,0
chafe,c,h,a,f,e,0
chaff,c,h,a,f,f,0
chain,c,h,a,i,n,0
chair,c,h,a,i,r,0
chalk,c,h,a,l,k,0
champ,c,h,a,m,p,0
chant,c,h,a,n,t,0
chaos,c,h,a,o,s,0
chard,c,h,a,r,d,0
charm,c,h,a,r,m,0
chart,c,h,a,r,t,0
chase,c,h,a,s,e,0
chasm,c,h,a,s,m,0
cheap,c,h,e,a,p,0
cheat,c,h,e,a,t,0
check,c,h,e,c,k,0
cheek,c,h,e,e,k,0
cheer,c,h,e,e,r,0
chess,c,h,e,s,s,0
chest,c,h,e,s,t,0
chick,c,h,i,c,k,0
chide,c,h,i,d,e,0
chief,c,h,i,e,f,0
child,c,h,i,l,d,0
chili,c,h,i,l,i,0
chill,c,h,i,l,l,0
chime,c,h,i,m,e,0
china,c,h,i,n,a,0
chirp,c,h,i,r,p,0
chock,c,h,o,c,k,0
choir,c,h,o,i,r,0
choke,c,h,o,k,e,0
chord,c,h,o,r,d,0
chore,c,h,o,r,e,0
chose,c,h,o,s,e,0
chuck,c,h,u,c,k,0
chump,c,h,u,m,p,0
chunk,c,h,u,n,k,0
churn,c,h,u,r,n,0
chute,c,h,u,t,e,0
cider,c,i,d,e,r,0
cigar,c,i,g,a,r,0
cinch,c,i,n,c,h,0
circa,c,i,r,c,a,0
civic,c,i,v,i,c,0
civil,c,i,v,i,l,0
clack,c,l,a,c,k,0
claim,c,l,a,i,m,0
clamp,c,l,a,m,p,0
clang,c,l,a,n,g,0
clank,c,l,a,n,k,0
clash,c,l,a,s,h,0
clasp,c,l,a,s,p,0
class,c,l,a,s,s,0
clean,c,l,e,a,n,0
clear,c,l,e,a,r,0
cleat,c,l,e,a,t,0
cleft,c,l,e,f,t,0
clerk,c,l,e,r,k,0
click,c,l,i,c,k,0
cliff,c,l,i,f,f,0
climb,c,l,i,m,b,0
cling,c,l,i,n,g,0
clink,c,l,i,n,k,0
cloak,c,l,o,a,k,0
clock,c,l,o,c,k,0
clone,c,l,o,n,e,0
close,c,l,o,s,e,0
cloth,c,l,o,t,h,0
cloud,c,l,o,u,d,0
clout,c,l,o,u,t,0
clove,c,l,o,v,e,0
clown,c,l,o,w,n,0
cluck,c,l,u,c,k,0
clued,c,l,u,e,d,0
clump,c,l,u,m,p,0
clung,c,l,u,n,g,0
coach,c,o,a,c,h,0
coast,c,o,a,s,t,0
cobra,c,o,b,r,a,0
cocoa,c,o,c,o,a,0
colon,c,o,l,o,n,0
color,c,o,l,o,r,0
comet,c,o,m,e,t,0
comfy,c,o,m,f,y,0
comic,c,o,m,i,c,0
comma,c,o,m,m,a,0
conch,c,o,n,c,h,0
condo,c,o,n,d,o,0
conic,c,o,n,i,c,0
copse,c,o,p,s,e,0
coral,c,o,r,a,l,0
corer,c,o,r,e,r,0
corny,c,o,r,n,y,0
couch,c,o,u,c,h,0
cough,c,o,u,g,h,0
could,c,o,u,l,d,0
count,c,o,u,n,t,0
coupe,c,o,u,p,e,0
court,c,o,u,r,t,0
coven,c,o,v,e,n,0
cover,c,o,v,e,r,0
covet,c,o,v,e,t,0
covey,c,o,v,e,y,0
cower,c,o,w,e,r,0
coyly,c,o,y,l,y,0
crack,c,r,a,c,k,0
craft,c,r,a,f,t,0
cramp,c,r,a,m,p,0
crane,c,r,a,n,e,0
crank,c,r,a,n,k,0
crash,c,r,a,s,h,0
crass,c,r,a,s,s,0
crate,c,r,a,t,e,0
crave,c,r,a,v,e,0
crawl,c,r,a,w,l,0
craze,c,r,a,z,e,0
crazy,c,r,a,z,y,0
creak,c,r,e,a,k,0
cream,c,r,e,a,m,0
credo,c,r,e,d,o,0
creed,c,r,e,e,d,0
creek,c,r,e,e,k,0
creep,c,r,e,e,p,0
creme,c,r,e,m,e,0
crepe,c,r,e,p,e,0
crept,c,r,e,p,t,0
cress,c,r,e,s,s,0
crest,c,r,e,s,t,0
crick,c,r,i,c,k,0
cried,c,r,i,e,d,0
crier,c,r,i,e,r,0
crime,c,r,i,m,e,0
crimp,c,r,i,m,p,0
crisp,c,r,i,s,p,0
croak,c,r,o,a,k,0
crock,c,r,o,c,k,0
crone,c,r,o,n,e,0
crony,c,r,o,n,y,0
crook,c,r,o,o,k,0
cross,c,r,o,s,s,0
croup,c,r,o,u,p,0
crowd,c,r,o,w,d,0
crown,c,r,o,w,n,0
crude,c,r,u,d,e,0
cruel,c,r,u,e,l,0
crumb,c,r,u,m,b,0
crump,c,r,u,m,p,0
crush,c,r,u,s,h,0
crust,c,r,u,s,t,0
crypt,c,r,y,p,t,0
cubic,c,u,b,i,c,0
cumin,c,u,m,i,n,0
curio,c,u,r,i,o,0
curly,c,u,r,l,y,0
curry,c,u,r,r,y,0
curse,c,u,r,s,e,0
curve,c,u,r,v,e,0
curvy,c,u,r,v,y,0
cutie,c,u,t,i,e,0
cyber,c,y,b,e,r,0
cycle,c,y,c,l,e,0
cynic,c,y,n,i,c,0
daddy,d,a,d,d,y,0
daily,d,a,i,l,y,0
dairy,d,a,i,r,y,0
daisy,d,a,i,s,y,0
dally,d,a,l,l,y,0
dance,d,a,n,c,e,0
dandy,d,a,n,d,y,0
datum,d,a,t,u,m,0
daunt,d,a,u,n,t,0
dealt,d,e,a,l,t,0
death,d,e,a,t,h,0
debar,d,e,b,a,r,0
debit,d,e,b,i,t,0
debug,d,e,b,u,g,0
debut,d,e,b,u,t,0
decal,d,e,c,a,l,0
decay,d,e,c,a,y,0
decor,d,e,c,o,r,0
decoy,d,e,c,o,y,0
decry,d,e,c,r,y,0
defer,d,e,f,e,r,0
deign,d,e,i,g,n,0
deity,d,e,i,t,y,0
delay,d,e,l,a,y,0
delta,d,e,l,t,a,0
delve,d,e,l,v,e,0
demon,d,e,m,o,n,0
demur,d,e,m,u,r,0
denim,d,e,n,i,m,0
dense,d,e,n,s,e,0
depot,d,e,p,o,t,0
depth,d,e,p,t,h,0
derby,d,e,r,b,y,0
deter,d,e,t,e,r,0
detox,d,e,t,o,x,0
deuce,d,e,u,c,e,0
devil,d,e,v,i,l,0
diary,d,i,a,r,y,0
dicey,d,i,c,e,y,0
digit,d,i,g,i,t,0
dilly,d,i,l,l,y,0
dimly,d,i,m,l,y,0
diner,d,i,n,e,r,0
dingo,d,i,n,g,o,0
dingy,d,i,n,g,y,0
diode,d,i,o,d,e,0
dirge,d,i,r,g,e,0
dirty,d,i,r,t,y,0
disco,d,i,s,c,o,0
ditch,d,i,t,c,h,0
ditto,d,i,t,t,o,0
ditty,d,i,t,t,y,0
diver,d,i,v,e,r,0
dizzy,d,i,z,z,y,0
dodge,d,o,d,g,e,0
dodgy,d,o,d,g,y,0
dogma,d,o,g,m,a,0
doing,d,o,i,n,g,0
dolly,d,o,l,l,y,0
donor,d,o,n,o,r,0
donut,d,o,n,u,t,0
dopey,d,o,p,e,y,0
doubt,d,o,u,b,t,0
dough,d,o,u,g,h,0
dowdy,d,o,w,d,y,0
dowel,d,o,w,e,l,0
downy,d,o,w,n,y,0
dowry,d,o,w,r,y,0
dozen,d,o,z,e,n,0
draft,d,r,a,f,t,0
drain,d,r,a,i,n,0
drake,d,r,a,k,e,0
drama,d,r,a,m,a,0
drank,d,r,a,n,k,0
drape,d,r,a,p,e,0
drawl,d,r,a,w,l,0
drawn,d,r,a,w,n,0
dread,d,r,e,a,d,0
dream,d,r,e,a,m,0
dress,d,r,e,s,s,0
dried,d,r,i,e,d,0
drier,d,r,i,e,r,0
drift,d,r,i,f,t,0
drill,d,r,i,l,l,0
drink,d,r,i,n,k,0
drive,d,r,i,v,e,0
droit,d,r,o,i,t,0
droll,d,r,o,l,l,0
drone,d,r,o,n,e,0
drool,d,r,o,o,l,0
droop,d,r,o,o,p,0
dross,d,r,o,s,s,0
drove,d,r,o,v,e,0
drown,d,r,o,w,n,0
druid,d,r,u,i,d,0
drunk,d,r,u,n,k,0
dryer,d,r,y,e,r,0
dryly,d,r,y,l,y,0
duchy,d,u,c,h,y,0
dully,d,u,l,l,y,0
dummy,d,u,m,m,y,0
dumpy,d,u,m,p,y,0
dunce,d,u,n,c,e,0
dusky,d,u,s,k,y,0
dusty,d,u,s,t,y,0
dutch,d,u,t,c,h,0
duvet,d,u,v,e,t,0
dwarf,d,w,a,r,f,0
dwell,d,w,e,l,l,0
dwelt,d,w,e,l,t,0
dying,d,y,i,n,g,0
eager,e,a,g,e,r,0
eagle,e,a,g,l,e,0
early,e,a,r,l,y,0
earth,e,a,r,t,h,0
easel,e,a,s,e,l,0
eaten,e,a,t,e,n,0
eater,e,a,t,e,r,0
ebony,e,b,o,n,y,0
eclat,e,c,l,a,t,0
edict,e,d,i,c,t,0
edify,e,d,i,f,y,0
eerie,e,e,r,i,e,0
egret,e,g,r,e,t,0
eight,e,i,g,h,t,0
eject,e,j,e,c,t,0
eking,e,k,i,n,g,0
elate,e,l,a,t,e,0
elbow,e,l,b,o,w,0
elder,e,l,d,e,r,0
elect,e,l,e,c,t,0
elegy,e,l,e,g,y,0
elfin,e,l,f,i,n,0
elide,e,l,i,d,e,0
elite,e,l,i,t,e,0
elope,e,l,o,p,e,0
elude,e,l,u,d,e,0
email,e,m,a,i,l,0
embed,e,m,b,e,d,0
ember,e,m,b,e,r,0
emcee,e,m,c,e,e,0
empty,e,m,p,t,y,0
enact,e,n,a,c,t,0
endow,e,n,d,o,w,0
enema,e,n,e,m,a,0
enemy,e,n,e,m,y,0
enjoy,e,n,j,o,y,0
ennui,e,n,n,u,i,0
ensue,e,n,s,u,e,0
enter,e,n,t,e,r,0
entry,e,n,t,r,y,0
envoy,e,n,v,o,y,0
epoch,e,p,o,c,h,0
epoxy,e,p,o,x,y,0
equal,e,q,u,a,l,0
equip,e,q,u,i,p,0
erase,e,r,a,s,e,0
erect,e,r,e,c,t,0
erode,e,r,o,d,e,0
error,e,r,r,o,r,0
erupt,e,r,u,p,t,0
essay,e,s,s,a,y,0
ester,e,s,t,e,r,0
ether,e,t,h,e,r,0
ethic,e,t,h,i,c,0
ethos,e,t,h,o,s,0
etude,e,t,u,d,e,0
evade,e,v,a,d,e,0
event,e,v,e,n,t,0
every,e,v,e,r,y,0
evict,e,v,i,c,t,0
evoke,e,v,o,k,e,0
exact,e,x,a,c,t,0
exalt,e,x,a,l,t,0
excel,e,x,c,e,l,0
exert,e,x,e,r,t,0
exile,e,x,i,l,e,0
exist,e,x,i,s,t,0
expel,e,x,p,e,l,0
extol,e,x,t,o,l,0
extra,e,x,t,r,a,0
exult,e,x,u,l,t,0
eying,e,y,i,n,g,0
fable,f,a,b,l,e,0
facet,f,a,c,e,t,0
faint,f,a,i,n,t,0
fairy,f,a,i,r,y,0
faith,f,a,i,t,h,0
false,f,a,l,s,e,0
fancy,f,a,n,c,y,0
fanny,f,a,n,n,y,0
farce,f,a,r,c,e,0
fatal,f,a,t,a,l,0
fatty,f,a,t,t,y,0
fault,f,a,u,l,t,0
fauna,f,a,u,n,a,0
favor,f,a,v,o,r,0
feast,f,e,a,s,t,0
fecal,f,e,c,a,l,0
feign,f,e,i,g,n,0
fella,f,e,l,l,a,0
felon,f,e,l,o,n,0
femme,f,e,m,m,e,0
femur,f,e,m,u,r,0
fence,f,e,n,c,e,0
feral,f,e,r,a,l,0
ferry,f,e,r,r,y,0
fetal,f,e,t,a,l,0
fetch,f,e,t,c,h,0
fetid,f,e,t,i,d,0
fetus,f,e,t,u,s,0
fever,f,e,v,e,r,0
fewer,f,e,w,e,r,0
fiber,f,i,b,e,r,0
fibre,f,i,b,r,e,0
ficus,f,i,c,u,s,0
field,f,i,e,l,d,0
fiend,f,i,e,n,d,0
fiery,f,i,e,r,y,0
fifth,f,i,f,t,h,0
fifty,f,i,f,t,y,0
fight,f,i,g,h,t,0
filer,f,i,l,e,r,0
filet,f,i,l,e,t,0
filly,f,i,l,l,y,0
filmy,f,i,l,m,y,0
filth,f,i,l,t,h,0
final,f,i,n,a,l,0
finch,f,i,n,c,h,0
finer,f,i,n,e,r,0
first,f,i,r,s,t,0
fishy,f,i,s,h,y,0
fixer,f,i,x,e,r,0
fizzy,f,i,z,z,y,0
fjord,f,j,o,r,d,0
flack,f,l,a,c,k,0
flail,f,l,a,i,l,0
flair,f,l,a,i,r,0
flake,f,l,a,k,e,0
flaky,f,l,a,k,y,0
flame,f,l,a,m,e,0
flank,f,l,a,n,k,0
flare,f,l,a,r,e,0
flash,f,l,a,s,h,0
flask,f,l,a,s,k,0
fleck,f,l,e,c,k,0
fleet,f,l,e,e,t,0
flesh,f,l,e,s,h,0
flick,f,l,i,c,k,0
flier,f,l,i,e,r,0
fling,f,l,i,n,g,0
flint,f,l,i,n,t,0
flirt,f,l,i,r,t,0
float,f,l,o,a,t,0
flock,f,l,o,c,k,0
flood,f,l,o,o,d,0
floor,f,l,o,o,r,0
flora,f,l,o,r,a,0
floss,f,l,o,s,s,0
flour,f,l,o,u,r,0
flout,f,l,o,u,t,0
flown,f,l,o,w,n,0
fluff,f,l,u,f,f,0
fluid,f,l,u,i,d,0
fluke,f,l,u,k,e,0
flume,f,l,u,m,e,0
flung,f,l,u,n,g,0
flunk,f,l,u,n,k,0
flush,f,l,u,s,h,0
flute,f,l,u,t,e,0
flyer,f,l,y,e,r,0
foamy,f,o,a,m,y,0
focal,f,o,c,a,l,0
focus,f,o,c,u,s,0
foggy,f,o,g,g,y,0
foist,f,o,i,s,t,0
folio,f,o,l,i,o,0
folly,f,o,l,l,y,0
foray,f,o,r,a,y,0
force,f,o,r,c,e,0
forge,f,o,r,g,e,0
forgo,f,o,r,g,o,0
forte,f,o,r,t,e,0
forth,f,o,r,t,h,0
forty,f,o,r,t,y,0
forum,f,o,r,u,m,0
found,f,o,u,n,d,0
foyer,f,o,y,e,r,0
frail,f,r,a,i,l,0
frame,f,r,a,m,e,0
frank,f,r,a,n,k,0
fraud,f,r,a,u,d,0
freak,f,r,e,a,k,0
freed,f,r,e,e,d,0
freer,f,r,e,e,r,0
fresh,f,r,e,s,h,0
friar,f,r,i,a,r,0
fried,f,r,i,e,d,0
frill,f,r,i,l,l,0
frisk,f,r,i,s,k,0
fritz,f,r,i,t,z,0
frock,f,r,o,c,k,0
frond,f,r,o,n,d,0
front,f,r,o,n,t,0
frost,f,r,o,s,t,0
froth,f,r,o,t,h,0
frown,f,r,o,w,n,0
froze,f,r,o,z,e,0
fruit,f,r,u,i,t,0
fudge,f,u,d,g,e,0
fugue,f,u,g,u,e,0
fully,f,u,l,l,y,0
fungi,f,u,n,g,i,0
funky,f,u,n,k,y,0
funny,f,u,n,n,y,0
furor,f,u,r,o,r,0
furry,f,u,r,r,y,0
fussy,f,u,s,s,y,0
fuzzy,f,u,z,z,y,0
gaffe,g,a,f,f,e,0
gaily,g,a,i,l,y,0
gamer,g,a,m,e,r,0
gamma,g,a,m,m,a,0
gamut,g,a,m,u,t,0
gassy,g,a,s,s,y,0
gaudy,g,a,u,d,y,0
gauge,g,a,u,g,e,0
gaunt,g,a,u,n,t,0
gauze,g,a,u,z,e,0
gavel,g,a,v,e,l,0
gawky,g,a,w,k,y,0
gayer,g,a,y,e,r,0
gayly,g,a,y,l,y,0
gazer,g,a,z,e,r,0
gecko,g,e,c,k,o,0
geeky,g,e,e,k,y,0
geese,g,e,e,s,e,0
genie,g,e,n,i,e,0
genre,g,e,n,r,e,0
ghost,g,h,o,s,t,0
ghoul,g,h,o,u,l,0
giant,g,i,a,n,t,0
giddy,g,i,d,d,y,0
gipsy,g,i,p,s,y,0
girly,g,i,r,l,y,0
girth,g,i,r,t,h,0
given,g,i,v,e,n,0
giver,g,i,v,e,r,0
glade,g,l,a,d,e,0
gland,g,l,a,n,d,0
glare,g,l,a,r,e,0
glass,g,l,a,s,s,0
glaze,g,l,a,z,e,0
gleam,g,l,e,a,m,0
glean,g,l,e,a,n,0
glide,g,l,i,d,e,0
glint,g,l,i,n,t,0
gloat,g,l,o,a,t,0
globe,g,l,o,b,e,0
gloom,g,l,o,o,m,0
glory,g,l,o,r,y,0
gloss,g,l,o,s,s,0
glove,g,l,o,v,e,0
glyph,g,l,y,p,h,0
gnash,g,n,a,s,h,0
gnome,g,n,o,m,e,0
godly,g,o,d,l,y,0
going,g,o,i,n,g,0
golem,g,o,l,e,m,0
golly,g,o,l,l,y,0
gonad,g,o,n,a,d,0
goner,g,o,n,e,r,0
goody,g,o,o,d,y,0
gooey,g,o,o,e,y,0
goofy,g,o,o,f,y,0
goose,g,o,o,s,e,0
gorge,g,o,r,g,e,0
gouge,g,o,u,g,e,0
gourd,g,o,u,r,d,0
grace,g,r,a,c,e,0
grade,g,r,a,d,e,0
graft,g,r,a,f,t,0
grail,g,r,a,i,l,0
grain,g,r,a,i,n,0
grand,g,r,a,n,d,0
grant,g,r,a,n,t,0
grape,g,r,a,p,e,0
graph,g,r,a,p,h,0
grasp,g,r,a,s,p,0
grass,g,r,a,s,s,0
grate,g,r,a,t,e,0
grave,g,r,a,v,e,0
gravy,g,r,a,v,y,0
graze,g,r,a,z,e,0
great,g,r,e,a,t,0
greed,g,r,e,e,d,0
green,g,r,e,e,n,0
greet,g,r,e,e,t,0
grief,g,r,i,e,f,0
grill,g,r,i,l,l,0
grime,g,r,i,m,e,0
grimy,g,r,i,m,y,0
grind,g,r,i,n,d,0
gripe,g,r,i,p,e,0
groan,g,r,o,a,n,0
groin,g,r,o,i,n,0
groom,g,r,o,o,m,0
grope,g,r,o,p,e,0
gross,g,r,o,s,s,0
group,g,r,o,u,p,0
grout,g,r,o,u,t,0
grove,g,r,o,v,e,0
growl,g,r,o,w,l,0
grown,g,r,o,w,n,0
gruel,g,r,u,e,l,0
gruff,g,r,u,f,f,0
grunt,g,r,u,n,t,0
guard,g,u,a,r,d,0
guava,g,u,a,v,a,0
guess,g,u,e,s,s,0
guest,g,u,e,s,t,0
guide,g,u,i,d,e,0
guild,g,u,i,l,d,0
guile,g,u,i,l,e,0
guilt,g,u,i,l,t,0
guise,g,u,i,s,e,0
gulch,g,u,l,c,h,0
gully,g,u,l,l,y,0
gumbo,g,u,m,b,o,0
gummy,g,u,m,m,y,0
guppy,g,u,p,p,y,0
gusto,g,u,s,t,o,0
gusty,g,u,s,t,y,0
gypsy,g,y,p,s,y,0
habit,h,a,b,i,t,0
hairy,h,a,i,r,y,0
halve,h,a,l,v,e,0
handy,h,a,n,d,y,0
happy,h,a,p,p,y,0
hardy,h,a,r,d,y,0
harem,h,a,r,e,m,0
harpy,h,a,r,p,y,0
harry,h,a,r,r,y,0
harsh,h,a,r,s,h,0
haste,h,a,s,t,e,0
hasty,h,a,s,t,y,0
hatch,h,a,t,c,h,0
hater,h,a,t,e,r,0
haunt,h,a,u,n,t,0
haute,h,a,u,t,e,0
haven,h,a,v,e,n,0
havoc,h,a,v,o,c,0
hazel,h,a,z,e,l,0
heady,h,e,a,d,y,0
heard,h,e,a,r,d,0
heart,h,e,a,r,t,0
heath,h,e,a,t,h,0
heave,h,e,a,v,e,0
heavy,h,e,a,v,y,0
hedge,h,e,d,g,e,0
hefty,h,e,f,t,y,0
heist,h,e,i,s,t,0
helix,h,e,l,i,x,0
hello,h,e,l,l,o,0
hence,h,e,n,c,e,0
heron,h,e,r,o,n,0
hilly,h,i,l,l,y,0
hinge,h,i,n,g,e,0
hippo,h,i,p,p,o,0
hippy,h,i,p,p,y,0
hitch,h,i,t,c,h,0
hoard,h,o,a,r,d,0
hobby,h,o,b,b,y,0
hoist,h,o,i,s,t,0
holly,h,o,l,l,y,0
homer,h,o,m,e,r,0
honey,h,o,n,e,y,0
honor,h,o,n,o,r,0
horde,h,o,r,d,e,0
horny,h,o,r,n,y,0
horse,h,o,r,s,e,0
hotel,h,o,t,e,l,0
hotly,h,o,t,l,y,0
hound,h,o,u,n,d,0
house,h,o,u,s,e,0
hovel,h,o,v,e,l,0
hover,h,o,v,e,r,0
howdy,h,o,w,d,y,0
human,h,u,m,a,n,0
humid,h,u,m,i,d,0
humor,h,u,m,o,r,0
humph,h,u,m,p,h,0
humus,h,u,m,u,s,0
hunch,h,u,n,c,h,0
hunky,h,u,n,k,y,0
hurry,h,u,r,r,y,0
husky,h,u,s,k,y,0
hussy,h,u,s,s,y,0
hutch,h,u,t,c,h,0
hydro,h,y,d,r,o,0
hyena,h,y,e,n,a,0
hymen,h,y,m,e,n,0
hyper,h,y,p,e,r,0
icily,i,c,i,l,y,0
icing,i,c,i,n,g,0
ideal,i,d,e,a,l,0
idiom,i,d,i,o,m,0
idiot,i,d,i,o,t,0
idler,i,d,l,e,r,0
idyll,i,d,y,l,l,0
igloo,i,g,l,o,o,0
iliac,i,l,i,a,c,0
image,i,m,a,g,e,0
imbue,i,m,b,u,e,0
impel,i,m,p,e,l,0
imply,i,m,p,l,y,0
inane,i,n,a,n,e,0
inbox,i,n,b,o,x,0
incur,i,n,c,u,r,0
index,i,n,d,e,x,0
inept,i,n,e,p,t,0
inert,i,n,e,r,t,0
infer,i,n,f,e,r,0
ingot,i,n,g,o,t,0
inlay,i,n,l,a,y,0
inlet,i,n,l,e,t,0
inner,i,n,n,e,r,0
input,i,n,p,u,t,0
inter,i,n,t,e,r,0
intro,i,n,t,r,o,0
ionic,i,o,n,i,c,0
irate,i,r,a,t,e,0
irony,i,r,o,n,y,0
islet,i,s,l,e,t,0
issue,i,s,s,u,e,0
itchy,i,t,c,h,y,0
ivory,i,v,o,r,y,0
jaunt,j,a,u,n,t,0
jazzy,j,a,z,z,y,0
jelly,j,e,l,l,y,0
jerky,j,e,r,k,y,0
jetty,j,e,t,t,y,0
jewel,j,e,w,e,l,0
jiffy,j,i,f,f,y,0
joint,j,o,i,n,t,0
joist,j,o,i,s,t,0
joker,j,o,k,e,r,0
jolly,j,o,l,l,y,0
joust,j,o,u,s,t,0
judge,j,u,d,g,e,0
juice,j,u,i,c,e,0
juicy,j,u,i,c,y,0
jumbo,j,u,m,b,o,0
jumpy,j,u,m,p,y,0
junta,j,u,n,t,a,0
junto,j,u,n,t,o,0
juror,j,u,r,o,r,0
kappa,k,a,p,p,a,0
karma,k,a,r,m,a,0
kayak,k,a,y,a,k,0
kebab,k,e,b,a,b,0
khaki,k,h,a,k,i,0
kinky,k,i,n,k,y,0
kiosk,k,i,o,s,k,0
kitty,k,i,t,t,y,0
knack,k,n,a,c,k,0
knave,k,n,a,v,e,0
knead,k,n,e,a,d,0
kneed,k,n,e,e,d,0
kneel,k,n,e,e,l,0
knelt,k,n,e,l,t,0
knife,k,n,i,f,e,0
knock,k,n,o,c,k,0
knoll,k,n,o,l,l,0
known,k,n,o,w,n,0
koala,k,o,a,l,a,0
krill,k,r,i,l,l,0
label,l,a,b,e,l,0
labor,l,a,b,o,r,0
laden,l,a,d,e,n,0
ladle,l,a,d,l,e,0
lager,l,a,g,e,r,0
lance,l,a,n,c,e,0
lanky,l,a,n,k,y,0
lapel,l,a,p,e,l,0
lapse,l,a,p,s,e,0
large,l,a,r,g,e,0
larva,l,a,r,v,a,0
lasso,l,a,s,s,o,0
latch,l,a,t,c,h,0
later,l,a,t,e,r,0
lathe,l,a,t,h,e,0
latte,l,a,t,t,e,0
laugh,l,a,u,g,h,0
layer,l,a,y,e,r,0
leach,l,e,a,c,h,0
leafy,l,e,a,f,y,0
leaky,l,e,a,k,y,0
leant,l,e,a,n,t,0
leapt,l,e,a,p,t,0
learn,l,e,a,r,n,0
lease,l,e,a,s,e,0
leash,l,e,a,s,h,0
least,l,e,a,s,t,0
leave,l,e,a,v,e,0
ledge,l,e,d,g,e,0
leech,l,e,e,c,h,0
leery,l,e,e,r,y,0
lefty,l,e,f,t,y,0
legal,l,e,g,a,l,0
leggy,l,e,g,g,y,0
lemon,l,e,m,o,n,0
lemur,l,e,m,u,r,0
leper,l,e,p,e,r,0
level,l,e,v,e,l,0
lever,l,e,v,e,r,0
libel,l,i,b,e,l,0
liege,l,i,e,g,e,0
light,l,i,g,h,t,0
liken,l,i,k,e,n,0
lilac,l,i,l,a,c,0
limbo,l,i,m,b,o,0
limit,l,i,m,i,t,0
linen,l,i,n,e,n,0
liner,l,i,n,e,r,0
lingo,l,i,n,g,o,0
lipid,l,i,p,i,d,0
lithe,l,i,t,h,e,0
liver,l,i,v,e,r,0
livid,l,i,v,i,d,0
llama,l,l,a,m,a,0
loamy,l,o,a,m,y,0
loath,l,o,a,t,h,0
lobby,l,o,b,b,y,0
local,l,o,c,a,l,0
locus,l,o,c,u,s,0
lodge,l,o,d,g,e,0
lofty,l,o,f,t,y,0
logic,l,o,g,i,c,0
login,l,o,g,i,n,0
loopy,l,o,o,p,y,0
loose,l,o,o,s,e,0
lorry,l,o,r,r,y,0
loser,l,o,s,e,r,0
louse,l,o,u,s,e,0
lousy,l,o,u,s,y,0
lover,l,o,v,e,r,0
lower,l,o,w,e,r,0
lowly,l,o,w,l,y,0
loyal,l,o,y,a,l,0
lucid,l,u,c,i,d,0
lucky,l,u,c,k,y,0
lumen,l,u,m,e,n,0
lumpy,l,u,m,p,y,0
lunar,l,u,n,a,r,0
lunch,l,u,n,c,h,0
lunge,l,u,n,g,e,0
lupus,l,u,p,u,s,0
lurch,l,u,r,c,h,0
lurid,l,u,r,i,d,0
lusty,l,u,s,t,y,0
lying,l,y,i,n,g,0
lymph,l,y,m,p,h,0
lynch,l,y,n,c,h,0
lyric,l,y,r,i,c,0
macaw,m,a,c,a,w,0
macho,m,a,c,h,o,0
macro,m,a,c,r,o,0
madam,m,a,d,a,m,0
madly,m,a,d,l,y,0
mafia,m,a,f,i,a,0
magic,m,a,g,i,c,0
magma,m,a,g,m,a,0
maize,m,a,i,z,e,0
major,m,a,j,o,r,0
maker,m,a,k,e,r,0
mambo,m,a,m,b,o,0
mamma,m,a,m,m,a,0
mammy,m,a,m,m,y,0
manga,m,a,n,g,a,0
mange,m,a,n,g,e,0
mango,m,a,n,g,o,0
mangy,m,a,n,g,y,0
mania,m,a,n,i,a,0
manic,m,a,n,i,c,0
manly,m,a,n,l,y,0
manor,m,a,n,o,r,0
maple,m,a,p,l,e,0
march,m,a,r,c,h,0
marry,m,a,r,r,y,0
marsh,m,a,r,s,h,0
mason,m,a,s,o,n,0
masse,m,a,s,s,e,0
match,m,a,t,c,h,0
matey,m,a,t,e,y,0
mauve,m,a,u,v,e,0
maxim,m,a,x,i,m,0
maybe,m,a,y,b,e,0
mayor,m,a,y,o,r,0
mealy,m,e,a,l,y,0
meant,m,e,a,n,t,0
meaty,m,e,a,t,y,0
mecca,m,e,c,c,a,0
medal,m,e,d,a,l,0
media,m,e,d,i,a,0
medic,m,e,d,i,c,0
melee,m,e,l,e,e,0
melon,m,e,l,o,n,0
mercy,m,e,r,c,y,0
merge,m,e,r,g,e,0
merit,m,e,r,i,t,0
merry,m,e,r,r,y,0
metal,m,e,t,a,l,0
meter,m,e,t,e,r,0
metro,m,e,t,r,o,0
micro,m,i,c,r,o,0
midge,m,i,d,g,e,0
midst,m,i,d,s,t,0
might,m,i,g,h,t,0
milky,m,i,l,k,y,0
mimic,m,i,m,i,c,0
mince,m,i,n,c,e,0
miner,m,i,n,e,r,0
minim,m,i,n,i,m,0
minor,m,i,n,o,r,0
minty,m,i,n,t,y,0
minus,m,i,n,u,s,0
mirth,m,i,r,t,h,0
miser,m,i,s,e,r,0
missy,m,i,s,s,y,0
mocha,m,o,c,h,a,0
modal,m,o,d,a,l,0
model,m,o,d,e,l,0
modem,m,o,d,e,m,0
mogul,m,o,g,u,l,0
moist,m,o,i,s,t,0
molar,m,o,l,a,r,0
moldy,m,o,l,d,y,0
money,m,o,n,e,y,0
month,m,o,n,t,h,0
moody,m,o,o,d,y,0
moose,m,o,o,s,e,0
moral,m,o,r,a,l,0
moron,m,o,r,o,n,0
morph,m,o,r,p,h,0
mossy,m,o,s,s,y,0
motel,m,o,t,e,l,0
motif,m,o,t,i,f,0
motor,m,o,t,o,r,0
motto,m,o,t,t,o,0
moult,m,o,u,l,t,0
mound,m,o,u,n,d,0
mount,m,o,u,n,t,0
mourn,m,o,u,r,n,0
mouse,m,o,u,s,e,0
mouth,m,o,u,t,h,0
mover,m,o,v,e,r,0
movie,m,o,v,i,e,0
mower,m,o,w,e,r,0
mucky,m,u,c,k,y,0
mucus,m,u,c,u,s,0
muddy,m,u,d,d,y,0
mulch,m,u,l,c,h,0
mummy,m,u,m,m,y,0
munch,m,u,n,c,h,0
mural,m,u,r,a,l,0
murky,m,u,r,k,y,0
mushy,m,u,s,h,y,0
music,m,u,s,i,c,0
musky,m,u,s,k,y,0
musty,m,u,s,t,y,0
myrrh,m,y,r,r,h,0
nadir,n,a,d,i,r,0
naive,n,a,i,v,e,0
nanny,n,a,n,n,y,0
nasal,n,a,s,a,l,0
nasty,n,a,s,t,y,0
natal,n,a,t,a,l,0
naval,n,a,v,a,l,0
navel,n,a,v,e,l,0
needy,n,e,e,d,y,0
neigh,n,e,i,g,h,0
nerdy,n,e,r,d,y,0
nerve,n,e,r,v,e,0
never,n,e,v,e,r,0
newer,n,e,w,e,r,0
newly,n,e,w,l,y,0
nicer,n,i,c,e,r,0
niche,n,i,c,h,e,0
niece,n,i,e,c,e,0
night,n,i,g,h,t,0
ninja,n,i,n,j,a,0
ninny,n,i,n,n,y,0
ninth,n,i,n,t,h,0
noble,n,o,b,l,e,0
nobly,n,o,b,l,y,0
noise,n,o,i,s,e,0
noisy,n,o,i,s,y,0
nomad,n,o,m,a,d,0
noose,n,o,o,s,e,0
north,n,o,r,t,h,0
nosey,n,o,s,e,y,0
notch,n,o,t,c,h,0
novel,n,o,v,e,l,0
nudge,n,u,d,g,e,0
nurse,n,u,r,s,e,0
nutty,n,u,t,t,y,0
nylon,n,y,l,o,n,0
nymph,n,y,m,p,h,0
oaken,o,a,k,e,n,0
obese,o,b,e,s,e,0
occur,o,c,c,u,r,0
ocean,o,c,e,a,n,0
octal,o,c,t,a,l,0
octet,o,c,t,e,t,0
odder,o,d,d,e,r,0
oddly,o,d,d,l,y,0
offal,o,f,f,a,l,0
offer,o,f,f,e,r,0
often,o,f,t,e,n,0
olden,o,l,d,e,n,0
older,o,l,d,e,r,0
olive,o,l,i,v,e,0
ombre,o,m,b,r,e,0
omega,o,m,e,g,a,0
onion,o,n,i,o,n,0
onset,o,n,s,e,t,0
opera,o,p,e,r,a,0
opine,o,p,i,n,e,0
opium,o,p,i,u,m,0
optic,o,p,t,i,c,0
orbit,o,r,b,i,t,0
order,o,r,d,e,r,0
organ,o,r,g,a,n,0
other,o,t,h,e,r,0
otter,o,t,t,e,r,0
ought,o,u,g,h,t,0
ounce,o,u,n,c,e,0
outdo,o,u,t,d,o,0
outer,o,u,t,e,r,0
outgo,o,u,t,g,o,0
ovary,o,v,a,r,y,0
ovate,o,v,a,t,e,0
overt,o,v,e,r,t,0
ovine,o,v,i,n,e,0
ovoid,o,v,o,i,d,0
owing,o,w,i,n,g,0
owner,o,w,n,e,r,0
oxide,o,x,i,d,e,0
ozone,o,z,o,n,e,0
paddy,p,a,d,d,y,0
pagan,p,a,g,a,n,0
paint,p,a,i,n,t,0
paler,p,a,l,e,r,0
palsy,p,a,l,s,y,0
panel,p,a,n,e,l,0
panic,p,a,n,i,c,0
pansy,p,a,n,s,y,0
papal,p,a,p,a,l,0
paper,p,a,p,e,r,0
parer,p,a,r,e,r,0
parka,p,a,r,k,a,0
parry,p,a,r,r,y,0
parse,p,a,r,s,e,0
party,p,a,r,t,y,0
pasta,p,a,s,t,a,0
paste,p,a,s,t,e,0
pasty,p,a,s,t,y,0
patch,p,a,t,c,h,0
patio,p,a,t,i,o,0
patsy,p,a,t,s,y,0
patty,p,a,t,t,y,0
pause,p,a,u,s,e,0
payee,p,a,y,e,e,0
payer,p,a,y,e,r,0
peace,p,e,a,c,e,0
peach,p,e,a,c,h,0
pearl,p,e,a,r,l,0
pecan,p,e,c,a,n,0
pedal,p,e,d,a,l,0
penal,p,e,n,a,l,0
pence,p,e,n,c,e,0
penne,p,e,n,n,e,0
penny,p,e,n,n,y,0
perch,p,e,r,c,h,0
peril,p,e,r,i,l,0
perky,p,e,r,k,y,0
pesky,p,e,s,k,y,0
pesto,p,e,s,t,o,0
petal,p,e,t,a,l,0
petty,p,e,t,t,y,0
phase,p,h,a,s,e,0
phone,p,h,o,n,e,0
phony,p,h,o,n,y,0
photo,p,h,o,t,o,0
piano,p,i,a,n,o,0
picky,p,i,c,k,y,0
piece,p,i,e,c,e,0
piety,p,i,e,t,y,0
piggy,p,i,g,g,y,0
pilot,p,i,l,o,t,0
pinch,p,i,n,c,h,0
piney,p,i,n,e,y,0
pinky,p,i,n,k,y,0
pinto,p,i,n,t,o,0
piper,p,i,p,e,r,0
pique,p,i,q,u,e,0
pitch,p,i,t,c,h,0
pithy,p,i,t,h,y,0
pivot,p,i,v,o,t,0
pixel,p,i,x,e,l,0
pixie,p,i,x,i,e,0
pizza,p,i,z,z,a,0
place,p,l,a,c,e,0
plaid,p,l,a,i,d,0
plain,p,l,a,i,n,0
plait,p,l,a,i,t,0
plane,p,l,a,n,e,0
plank,p,l,a,n,k,0
plant,p,l,a,n,t,0
plate,p,l,a,t,e,0
plaza,p,l,a,z,a,0
plead,p,l,e,a,d,0
pleat,p,l,e,a,t,0
plied,p,l,i,e,d,0
plier,p,l,i,e,r,0
pluck,p,l,u,c,k,0
plumb,p,l,u,m,b,0
plume,p,l,u,m,e,0
plump,p,l,u,m,p,0
plunk,p,l,u,n,k,0
plush,p,l,u,s,h,0
poesy,p,o,e,s,y,0
point,p,o,i,n,t,0
poise,p,o,i,s,e,0
poker,p,o,k,e,r,0
polar,p,o,l,a,r,0
polka,p,o,l,k,a,0
polyp,p,o,l,y,p,0
pooch,p,o,o,c,h,0
poppy,p,o,p,p,y,0
porch,p,o,r,c,h,0
poser,p,o,s,e,r,0
posit,p,o,s,i,t,0
posse,p,o,s,s,e,0
pouch,p,o,u,c,h,0
pound,p,o,u,n,d,0
pouty,p,o,u,t,y,0
power,p,o,w,e,r,0
prank,p,r,a,n,k,0
prawn,p,r,a,w,n,0
preen,p,r,e,e,n,0
press,p,r,e,s,s,0
price,p,r,i,c,e,0
prick,p,r,i,c,k,0
pride,p,r,i,d,e,0
pried,p,r,i,e,d,0
prime,p,r,i,m,e,0
primo,p,r,i,m,o,0
print,p,r,i,n,t,0
prior,p,r,i,o,r,0
prism,p,r,i,s,m,0
privy,p,r,i,v,y,0
prize,p,r,i,z,e,0
probe,p,r,o,b,e,0
prone,p,r,o,n,e,0
prong,p,r,o,n,g,0
proof,p,r,o,o,f,0
prose,p,r,o,s,e,0
proud,p,r,o,u,d,0
prove,p,r,o,v,e,0
prowl,p,r,o,w,l,0
proxy,p,r,o,x,y,0
prude,p,r,u,d,e,0
prune,p,r,u,n,e,0
psalm,p,s,a,l,m,0
pubic,p,u,b,i,c,0
pudgy,p,u,d,g,y,0
puffy,p,u,f,f,y,0
pulpy,p,u,l,p,y,0
pulse,p,u,l,s,e,0
punch,p,u,n,c,h,0
pupal,p,u,p,a,l,0
pupil,p,u,p,i,l,0
puppy,p,u,p,p,y,0
puree,p,u,r,e,e,0
purer,p,u,r,e,r,0
purge,p,u,r,g,e,0
purse,p,u,r,s,e,0
pushy,p,u,s,h,y,0
putty,p,u,t,t,y,0
pygmy,p,y,g,m,y,0
quack,q,u,a,c,k,0
quail,q,u,a,i,l,0
quake,q,u,a,k,e,0
qualm,q,u,a,l,m,0
quark,q,u,a,r,k,0
quart,q,u,a,r,t,0
quash,q,u,a,s,h,0
quasi,q,u,a,s,i,0
queen,q,u,e,e,n,0
queer,q,u,e,e,r,0
quell,q,u,e,l,l,0
query,q,u,e,r,y,0
quest,q,u,e,s,t,0
queue,q,u,e,u,e,0
quick,q,u,i,c,k,0
quiet,q,u,i,e,t,0
quill,q,u,i,l,l,0
quilt,q,u,i,l,t,0
quirk,q,u,i,r,k,0
quite,q,u,i,t,e,0
quota,q,u,o,t,a,0
quote,q,u,o,t,e,0
quoth,q,u,o,t,h,0
rabbi,r,a,b,b,i,0
rabid,r,a,b,i,d,0
racer,r,a,c,e,r,0
radar,r,a,d,a,r,0
radii,r,a,d,i,i,0
radio,r,a,d,i,o,0
rainy,r,a,i,n,y,0
raise,r,a,i,s,e,0
rajah,r,a,j,a,h,0
rally,r,a,l,l,y,0
ralph,r,a,l,p,h,0
ramen,r,a,m,e,n,0
ranch,r,a,n,c,h,0
randy,r,a,n,d,y,0
range,r,a,n,g,e,0
rapid,r,a,p,i,d,0
rarer,r,a,r,e,r,0
raspy,r,a,s,p,y,0
ratio,r,a,t,i,o,0
ratty,r,a,t,t,y,0
raven,r,a,v,e,n,0
rayon,r,a,y,o,n,0
razor,r,a,z,o,r,0
reach,r,e,a,c,h,0
react,r,e,a,c,t,0
ready,r,e,a,d,y,0
realm,r,e,a,l,m,0
rearm,r,e,a,r,m,0
rebar,r,e,b,a,r,0
rebel,r,e,b,e,l,0
rebus,r,e,b,u,s,0
rebut,r,e,b,u,t,0
recap,r,e,c,a,p,0
recur,r,e,c,u,r,0
recut,r,e,c,u,t,0
reedy,r,e,e,d,y,0
refer,r,e,f,e,r,0
refit,r,e,f,i,t,0
regal,r,e,g,a,l,0
rehab,r,e,h,a,b,0
reign,r,e,i,g,n,0
relax,r,e,l,a,x,0
relay,r,e,l,a,y,0
relic,r,e,l,i,c,0
remit,r,e,m,i,t,0
renal,r,e,n,a,l,0
renew,r,e,n,e,w,0
repay,r,e,p,a,y,0
repel,r,e,p,e,l,0
reply,r,e,p,l,y,0
rerun,r,e,r,u,n,0
reset,r,e,s,e,t,0
resin,r,e,s,i,n,0
retch,r,e,t,c,h,0
retro,r,e,t,r,o,0
retry,r,e,t,r,y,0
reuse,r,e,u,s,e,0
revel,r,e,v,e,l,0
revue,r,e,v,u,e,0
rhino,r,h,i,n,o,0
rhyme,r,h,y,m,e,0
rider,r,i,d,e,r,0
ridge,r,i,d,g,e,0
rifle,r,i,f,l,e,0
right,r,i,g,h,t,0
rigid,r,i,g,i,d,0
rigor,r,i,g,o,r,0
rinse,r,i,n,s,e,0
ripen,r,i,p,e,n,0
riper,r,i,p,e,r,0
risen,r,i,s,e,n,0
riser,r,i,s,e,r,0
risky,r,i,s,k,y,0
rival,r,i,v,a,l,0
river,r,i,v,e,r,0
rivet,r,i,v,e,t,0
roach,r,o,a,c,h,0
roast,r,o,a,s,t,0
robin,r,o,b,i,n,0
robot,r,o,b,o,t,0
rocky,r,o,c,k,y,0
rodeo,r,o,d,e,o,0
roger,r,o,g,e,r,0
rogue,r,o,g,u,e,0
roomy,r,o,o,m,y,0
roost,r,o,o,s,t,0
rotor,r,o,t,o,r,0
rouge,r,o,u,g,e,0
rough,r,o,u,g,h,0
round,r,o,u,n,d,0
rouse,r,o,u,s,e,0
route,r,o,u,t,e,0
rover,r,o,v,e,r,0
rowdy,r,o,w,d,y,0
rower,r,o,w,e,r,0
royal,r,o,y,a,l,0
ruddy,r,u,d,d,y,0
ruder,r,u,d,e,r,0
rugby,r,u,g,b,y,0
ruler,r,u,l,e,r,0
rumba,r,u,m,b,a,0
rumor,r,u,m,o,r,0
rupee,r,u,p,e,e,0
rural,r,u,r,a,l,0
rusty,r,u,s,t,y,0
sadly,s,a,d,l,y,0
safer,s,a,f,e,r,0
saint,s,a,i,n,t,0
salad,s,a,l,a,d,0
sally,s,a,l,l,y,0
salon,s,a,l,o,n,0
salsa,s,a,l,s,a,0
salty,s,a,l,t,y,0
salve,s,a,l,v,e,0
salvo,s,a,l,v,o,0
sandy,s,a,n,d,y,0
saner,s,a,n,e,r,0
sappy,s,a,p,p,y,0
sassy,s,a,s,s,y,0
satin,s,a,t,i,n,0
satyr,s,a,t,y,r,0
sauce,s,a,u,c,e,0
saucy,s,a,u,c,y,0
sauna,s,a,u,n,a,0
saute,s,a,u,t,e,0
savor,s,a,v,o,r,0
savoy,s,a,v,o,y,0
savvy,s,a,v,v,y,0
scald,s,c,a,l,d,0
scale,s,c,a,l,e,0
scalp,s,c,a,l,p,0
scaly,s,c,a,l,y,0
scamp,s,c,a,m,p,0
scant,s,c,a,n,t,0
scare,s,c,a,r,e,0
scarf,s,c,a,r,f,0
scary,s,c,a,r,y,0
scene,s,c,e,n,e,0
scent,s,c,e,n,t,0
scion,s,c,i,o,n,0
scoff,s,c,o,f,f,0
scold,s,c,o,l,d,0
scone,s,c,o,n,e,0
scoop,s,c,o,o,p,0
scope,s,c,o,p,e,0
score,s,c,o,r,e,0
scorn,s,c,o,r,n,0
scour,s,c,o,u,r,0
scout,s,c,o,u,t,0
scowl,s,c,o,w,l,0
scram,s,c,r,a,m,0
scrap,s,c,r,a,p,0
scree,s,c,r,e,e,0
screw,s,c,r,e,w,0
scrub,s,c,r,u,b,0
scrum,s,c,r,u,m,0
scuba,s,c,u,b,a,0
sedan,s,e,d,a,n,0
seedy,s,e,e,d,y,0
segue,s,e,g,u,e,0
seize,s,e,i,z,e,0
semen,s,e,m,e,n,0
sense,s,e,n,s,e,0
sepia,s,e,p,i,a,0
serif,s,e,r,i,f,0
serum,s,e,r,u,m,0
serve,s,e,r,v,e,0
setup,s,e,t,u,p,0
seven,s,e,v,e,n,0
sever,s,e,v,e,r,0
sewer,s,e,w,e,r,0
shack,s,h,a,c,k,0
shade,s,h,a,d,e,0
shady,s,h,a,d,y,0
shaft,s,h,a,f,t,0
shake,s,h,a,k,e,0
shaky,s,h,a,k,y,0
shale,s,h,a,l,e,0
shall,s,h,a,l,l,0
shalt,s,h,a,l,t,0
shame,s,h,a,m,e,0
shank,s,h,a,n,k,0
shape,s,h,a,p,e,0
shard,s,h,a,r,d,0
share,s,h,a,r,e,0
shark,s,h,a,r,k,0
sharp,s,h,a,r,p,0
shave,s,h,a,v,e,0
shawl,s,h,a,w,l,0
shear,s,h,e,a,r,0
sheen,s,h,e,e,n,0
sheep,s,h,e,e,p,0
sheer,s,h,e,e,r,0
sheet,s,h,e,e,t,0
sheik,s,h,e,i,k,0
shelf,s,h,e,l,f,0
shell,s,h,e,l,l,0
shied,s,h,i,e,d,0
shift,s,h,i,f,t,0
shine,s,h,i,n,e,0
shiny,s,h,i,n,y,0
shire,s,h,i,r,e,0
shirk,s,h,i,r,k,0
shirt,s,h,i,r,t,0
shoal,s,h,o,a,l,0
shock,s,h,o,c,k,0
shone,s,h,o,n,e,0
shook,s,h,o,o,k,0
shoot,s,h,o,o,t,0
shore,s,h,o,r,e,0
shorn,s,h,o,r,n,0
short,s,h,o,r,t,0
shout,s,h,o,u,t,0
shove,s,h,o,v,e,0
shown,s,h,o,w,n,0
showy,s,h,o,w,y,0
shrew,s,h,r,e,w,0
shrub,s,h,r,u,b,0
shrug,s,h,r,u,g,0
shuck,s,h,u,c,k,0
shunt,s,h,u,n,t,0
shush,s,h,u,s,h,0
shyly,s,h,y,l,y,0
siege,s,i,e,g,e,0
sieve,s,i,e,v,e,0
sight,s,i,g,h,t,0
sigma,s,i,g,m,a,0
silky,s,i,l,k,y,0
silly,s,i,l,l,y,0
since,s,i,n,c,e,0
sinew,s,i,n,e,w,0
singe,s,i,n,g,e,0
siren,s,i,r,e,n,0
sissy,s,i,s,s,y,0
sixth,s,i,x,t,h,0
sixty,s,i,x,t,y,0
skate,s,k,a,t,e,0
skier,s,k,i,e,r,0
skiff,s,k,i,f,f,0
skill,s,k,i,l,l,0
skimp,s,k,i,m,p,0
skirt,s,k,i,r,t,0
skulk,s,k,u,l,k,0
skull,s,k,u,l,l,0
skunk,s,k,u,n,k,0
slack,s,l,a,c,k,0
slain,s,l,a,i,n,0
slang,s,l,a,n,g,0
slant,s,l,a,n,t,0
slash,s,l,a,s,h,0
slate,s,l,a,t,e,0
slave,s,l,a,v,e,0
sleek,s,l,e,e,k,0
sleep,s,l,e,e,p,0
sleet,s,l,e,e,t,0
slept,s,l,e,p,t,0
slice,s,l,i,c,e,0
slick,s,l,i,c,k,0
slide,s,l,i,d,e,0
slime,s,l,i,m,e,0
slimy,s,l,i,m,y,0
sling,s,l,i,n,g,0
slink,s,l,i,n,k,0
sloop,s,l,o,o,p,0
slope,s,l,o,p,e,0
slosh,s,l,o,s,h,0
sloth,s,l,o,t,h,0
slump,s,l,u,m,p,0
slung,s,l,u,n,g,0
slunk,s,l,u,n,k,0
slurp,s,l,u,r,p,0
slush,s,l,u,s,h,0
slyly,s,l,y,l,y,0
smack,s,m,a,c,k,0
small,s,m,a,l,l,0
smart,s,m,a,r,t,0
smash,s,m,a,s,h,0
smear,s,m,e,a,r,0
smell,s,m,e,l,l,0
smelt,s,m,e,l,t,0
smile,s,m,i,l,e,0
smirk,s,m,i,r,k,0
smite,s,m,i,t,e,0
smith,s,m,i,t,h,0
smock,s,m,o,c,k,0
smoke,s,m,o,k,e,0
smoky,s,m,o,k,y,0
smote,s,m,o,t,e,0
snack,s,n,a,c,k,0
snail,s,n,a,i,l,0
snake,s,n,a,k,e,0
snaky,s,n,a,k,y,0
snare,s,n,a,r,e,0
snarl,s,n,a,r,l,0
sneak,s,n,e,a,k,0
sneer,s,n,e,e,r,0
snide,s,n,i,d,e,0
sniff,s,n,i,f,f,0
snipe,s,n,i,p,e,0
snoop,s,n,o,o,p,0
snore,s,n,o,r,e,0
snort,s,n,o,r,t,0
snout,s,n,o,u,t,0
snowy,s,n,o,w,y,0
snuck,s,n,u,c,k,0
snuff,s,n,u,f,f,0
soapy,s,o,a,p,y,0
sober,s,o,b,e,r,0
soggy,s,o,g,g,y,0
solar,s,o,l,a,r,0
solid,s,o,l,i,d,0
solve,s,o,l,v,e,0
sonar,s,o,n,a,r,0
sonic,s,o,n,i,c,0
sooth,s,o,o,t,h,0
sooty,s,o,o,t,y,0
sorry,s,o,r,r,y,0
sound,s,o,u,n,d,0
south,s,o,u,t,h,0
sower,s,o,w,e,r,0
space,s,p,a,c,e,0
spade,s,p,a,d,e,0
spank,s,p,a,n,k,0
spare,s,p,a,r,e,0
spark,s,p,a,r,k,0
spasm,s,p,a,s,m,0
spawn,s,p,a,w,n,0
speak,s,p,e,a,k,0
spear,s,p,e,a,r,0
speck,s,p,e,c,k,0
speed,s,p,e,e,d,0
spell,s,p,e,l,l,0
spelt,s,p,e,l,t,0
spend,s,p,e,n,d,0
spent,s,p,e,n,t,0
sperm,s,p,e,r,m,0
spice,s,p,i,c,e,0
spicy,s,p,i,c,y,0
spied,s,p,i,e,d,0
spiel,s,p,i,e,l,0
spike,s,p,i,k,e,0
spiky,s,p,i,k,y,0
spill,s,p,i,l,l,0
spilt,s,p,i,l,t,0
spine,s,p,i,n,e,0
spiny,s,p,i,n,y,0
spire,s,p,i,r,e,0
spite,s,p,i,t,e,0
splat,s,p,l,a,t,0
split,s,p,l,i,t,0
spoil,s,p,o,i,l,0
spoke,s,p,o,k,e,0
spoof,s,p,o,o,f,0
spook,s,p,o,o,k,0
spool,s,p,o,o,l,0
spoon,s,p,o,o,n,0
spore,s,p,o,r,e,0
sport,s,p,o,r,t,0
spout,s,p,o,u,t,0
spray,s,p,r,a,y,0
spree,s,p,r,e,e,0
sprig,s,p,r,i,g,0
spunk,s,p,u,n,k,0
spurn,s,p,u,r,n,0
spurt,s,p,u,r,t,0
squad,s,q,u,a,d,0
squat,s,q,u,a,t,0
squib,s,q,u,i,b,0
stack,s,t,a,c,k,0
staff,s,t,a,f,f,0
stage,s,t,a,g,e,0
staid,s,t,a,i,d,0
stain,s,t,a,i,n,0
stair,s,t,a,i,r,0
stake,s,t,a,k,e,0
stale,s,t,a,l,e,0
stalk,s,t,a,l,k,0
stall,s,t,a,l,l,0
stamp,s,t,a,m,p,0
stand,s,t,a,n,d,0
stank,s,t,a,n,k,0
stare,s,t,a,r,e,0
stark,s,t,a,r,k,0
start,s,t,a,r,t,0
stash,s,t,a,s,h,0
state,s,t,a,t,e,0
stave,s,t,a,v,e,0
stead,s,t,e,a,d,0
steak,s,t,e,a,k,0
steal,s,t,e,a,l,0
steam,s,t,e,a,m,0
steed,s,t,e,e,d,0
steel,s,t,e,e,l,0
steep,s,t,e,e,p,0
steer,s,t,e,e,r,0
stein,s,t,e,i,n,0
stern,s,t,e,r,n,0
stick,s,t,i,c,k,0
stiff,s,t,i,f,f,0
still,s,t,i,l,l,0
stilt,s,t,i,l,t,0
sting,s,t,i,n,g,0
stink,s,t,i,n,k,0
stint,s,t,i,n,t,0
stock,s,t,o,c,k,0
stoic,s,t,o,i,c,0
stoke,s,t,o,k,e,0
stole,s,t,o,l,e,0
stomp,s,t,o,m,p,0
stone,s,t,o,n,e,0
stony,s,t,o,n,y,0
stood,s,t,o,o,d,0
stool,s,t,o,o,l,0
stoop,s,t,o,o,p,0
store,s,t,o,r,e,0
stork,s,t,o,r,k,0
storm,s,t,o,r,m,0
story,s,t,o,r,y,0
stout,s,t,o,u,t,0
stove,s,t,o,v,e,0
strap,s,t,r,a,p,0
straw,s,t,r,a,w,0
stray,s,t,r,a,y,0
strip,s,t,r,i,p,0
strut,s,t,r,u,t,0
stuck,s,t,u,c,k,0
study,s,t,u,d,y,0
stuff,s,t,u,f,f,0
stump,s,t,u,m,p,0
stung,s,t,u,n,g,0
stunk,s,t,u,n,k,0
stunt,s,t,u,n,t,0
style,s,t,y,l,e,0
suave,s,u,a,v,e,0
sugar,s,u,g,a,r,0
suing,s,u,i,n,g,0
suite,s,u,i,t,e,0
sulky,s,u,l,k,y,0
sully,s,u,l,l,y,0
sumac,s,u,m,a,c,0
sunny,s,u,n,n,y,0
super,s,u,p,e,r,0
surer,s,u,r,e,r,0
surge,s,u,r,g,e,0
surly,s,u,r,l,y,0
sushi,s,u,s,h,i,0
swami,s,w,a,m,i,0
swamp,s,w,a,m,p,0
swarm,s,w,a,r,m,0
swash,s,w,a,s,h,0
swath,s,w,a,t,h,0
swear,s,w,e,a,r,0
sweat,s,w,e,a,t,0
sweep,s,w,e,e,p,0
sweet,s,w,e,e,t,0
swell,s,w,e,l,l,0
swept,s,w,e,p,t,0
swift,s,w,i,f,t,0
swill,s,w,i,l,l,0
swine,s,w,i,n,e,0
swing,s,w,i,n,g,0
swirl,s,w,i,r,l,0
swish,s,w,i,s,h,0
swoon,s,w,o,o,n,0
swoop,s,w,o,o,p,0
sword,s,w,o,r,d,0
swore,s,w,o,r,e,0
sworn,s,w,o,r,n,0
swung,s,w,u,n,g,0
synod,s,y,n,o,d,0
syrup,s,y,r,u,p,0
tabby,t,a,b,b,y,0
table,t,a,b,l,e,0
taboo,t,a,b,o,o,0
tacit,t,a,c,i,t,0
tacky,t,a,c,k,y,0
taffy,t,a,f,f,y,0
taint,t,a,i,n,t,0
taken,t,a,k,e,n,0
taker,t,a,k,e,r,0
tally,t,a,l,l,y,0
talon,t,a,l,o,n,0
tamer,t,a,m,e,r,0
tango,t,a,n,g,o,0
tangy,t,a,n,g,y,0
taper,t,a,p,e,r,0
tapir,t,a,p,i,r,0
tardy,t,a,r,d,y,0
tarot,t,a,r,o,t,0
taste,t,a,s,t,e,0
tasty,t,a,s,t,y,0
tatty,t,a,t,t,y,0
taunt,t,a,u,n,t,0
tawny,t,a,w,n,y,0
teach,t,e,a,c,h,0
teary,t,e,a,r,y,0
tease,t,e,a,s,e,0
teddy,t,e,d,d,y,0
teeth,t,e,e,t,h,0
tempo,t,e,m,p,o,0
tenet,t,e,n,e,t,0
tenor,t,e,n,o,r,0
tense,t,e,n,s,e,0
tenth,t,e,n,t,h,0
tepee,t,e,p,e,e,0
tepid,t,e,p,i,d,0
terra,t,e,r,r,a,0
terse,t,e,r,s,e,0
testy,t,e,s,t,y,0
thank,t,h,a,n,k,0
theft,t,h,e,f,t,0
their,t,h,e,i,r,0
theme,t,h,e,m,e,0
there,t,h,e,r,e,0
these,t,h,e,s,e,0
theta,t,h,e,t,a,0
thick,t,h,i,c,k,0
thief,t,h,i,e,f,0
thigh,t,h,i,g,h,0
thing,t,h,i,n,g,0
think,t,h,i,n,k,0
third,t,h,i,r,d,0
thong,t,h,o,n,g,0
thorn,t,h,o,r,n,0
those,t,h,o,s,e,0
three,t,h,r,e,e,0
threw,t,h,r,e,w,0
throb,t,h,r,o,b,0
throw,t,h,r,o,w,0
thrum,t,h,r,u,m,0
thumb,t,h,u,m,b,0
thump,t,h,u,m,p,0
thyme,t,h,y,m,e,0
tiara,t,i,a,r,a,0
tibia,t,i,b,i,a,0
tidal,t,i,d,a,l,0
tiger,t,i,g,e,r,0
tight,t,i,g,h,t,0
tilde,t,i,l,d,e,0
timer,t,i,m,e,r,0
timid,t,i,m,i,d,0
tipsy,t,i,p,s,y,0
titan,t,i,t,a,n,0
tithe,t,i,t,h,e,0
title,t,i,t,l,e,0
toast,t,o,a,s,t,0
today,t,o,d,a,y,0
toddy,t,o,d,d,y,0
token,t,o,k,e,n,0
tonal,t,o,n,a,l,0
tonga,t,o,n,g,a,0
tonic,t,o,n,i,c,0
tooth,t,o,o,t,h,0
topaz,t,o,p,a,z,0
topic,t,o,p,i,c,0
torch,t,o,r,c,h,0
torso,t,o,r,s,o,0
torus,t,o,r,u,s,0
total,t,o,t,a,l,0
totem,t,o,t,e,m,0
touch,t,o,u,c,h,0
tough,t,o,u,g,h,0
towel,t,o,w,e,l,0
tower,t,o,w,e,r,0
toxic,t,o,x,i,c,0
toxin,t,o,x,i,n,0
trace,t,r,a,c,e,0
track,t,r,a,c,k,0
tract,t,r,a,c,t,0
trade,t,r,a,d,e,0
trail,t,r,a,i,l,0
train,t,r,a,i,n,0
trait,t,r,a,i,t,0
tramp,t,r,a,m,p,0
trash,t,r,a,s,h,0
trawl,t,r,a,w,l,0
tread,t,r,e,a,d,0
treat,t,r,e,a,t,0
trend,t,r,e,n,d,0
triad,t,r,i,a,d,0
trial,t,r,i,a,l,0
tribe,t,r,i,b,e,0
trice,t,r,i,c,e,0
trick,t,r,i,c,k,0
tried,t,r,i,e,d,0
tripe,t,r,i,p,e,0
trite,t,r,i,t,e,0
troll,t,r,o,l,l,0
troop,t,r,o,o,p,0
trope,t,r,o,p,e,0
trout,t,r,o,u,t,0
trove,t,r,o,v,e,0
truce,t,r,u,c,e,0
truck,t,r,u,c,k,0
truer,t,r,u,e,r,0
truly,t,r,u,l,y,0
trump,t,r,u,m,p,0
trunk,t,r,u,n,k,0
truss,t,r,u,s,s,0
trust,t,r,u,s,t,0
truth,t,r,u,t,h,0
tryst,t,r,y,s,t,0
tubal,t,u,b,a,l,0
tuber,t,u,b,e,r,0
tulip,t,u,l,i,p,0
tulle,t,u,l,l,e,0
tumor,t,u,m,o,r,0
tunic,t,u,n,i,c,0
turbo,t,u,r,b,o,0
tutor,t,u,t,o,r,0
twang,t,w,a,n,g,0
tweak,t,w,e,a,k,0
tweed,t,w,e,e,d,0
tweet,t,w,e,e,t,0
twice,t,w,i,c,e,0
twine,t,w,i,n,e,0
twirl,t,w,i,r,l,0
twist,t,w,i,s,t,0
twixt,t,w,i,x,t,0
tying,t,y,i,n,g,0
udder,u,d,d,e,r,0
ulcer,u,l,c,e,r,0
ultra,u,l,t,r,a,0
umbra,u,m,b,r,a,0
uncle,u,n,c,l,e,0
uncut,u,n,c,u,t,0
under,u,n,d,e,r,0
undid,u,n,d,i,d,0
undue,u,n,d,u,e,0
unfed,u,n,f,e,d,0
unfit,u,n,f,i,t,0
unify,u,n,i,f,y,0
union,u,n,i,o,n,0
unite,u,n,i,t,e,0
unity,u,n,i,t,y,0
unlit,u,n,l,i,t,0
unmet,u,n,m,e,t,0
unset,u,n,s,e,t,0
untie,u,n,t,i,e,0
until,u,n,t,i,l,0
unwed,u,n,w,e,d,0
unzip,u,n,z,i,p,0
upper,u,p,p,e,r,0
upset,u,p,s,e,t,0
urban,u,r,b,a,n,0
urine,u,r,i,n,e,0
usage,u,s,a,g,e,0
usher,u,s,h,e,r,0
using,u,s,i,n,g,0
usual,u,s,u,a,l,0
usurp,u,s,u,r,p,0
utile,u,t,i,l,e,0
utter,u,t,t,e,r,0
vague,v,a,g,u,e,0
valet,v,a,l,e,t,0
valid,v,a,l,i,d,0
valor,v,a,l,o,r,0
value,v,a,l,u,e,0
valve,v,a,l,v,e,0
vapid,v,a,p,i,d,0
vapor,v,a,p,o,r,0
vault,v,a,u,l,t,0
vaunt,v,a,u,n,t,0
vegan,v,e,g,a,n,0
venom,v,e,n,o,m,0
venue,v,e,n,u,e,0
verge,v,e,r,g,e,0
verse,v,e,r,s,e,0
verso,v,e,r,s,o,0
verve,v,e,r,v,e,0
vicar,v,i,c,a,r,0
video,v,i,d,e,o,0
vigil,v,i,g,i,l,0
vigor,v,i,g,o,r,0
villa,v,i,l,l,a,0
vinyl,v,i,n,y,l,0
viola,v,i,o,l,a,0
viper,v,i,p,e,r,0
viral,v,i,r,a,l,0
virus,v,i,r,u,s,0
visit,v,i,s,i,t,0
visor,v,i,s,o,r,0
vista,v,i,s,t,a,0
vital,v,i,t,a,l,0
vivid,v,i,v,i,d,0
vixen,v,i,x,e,n,0
vocal,v,o,c,a,l,0
vodka,v,o,d,k,a,0
vogue,v,o,g,u,e,0
voice,v,o,i,c,e,0
voila,v,o,i,l,a,0
vomit,v,o,m,i,t,0
voter,v,o,t,e,r,0
vouch,v,o,u,c,h,0
vowel,v,o,w,e,l,0
vying,v,y,i,n,g,0
wacky,w,a,c,k,y,0
wafer,w,a,f,e,r,0
wager,w,a,g,e,r,0
wagon,w,a,g,o,n,0
waist,w,a,i,s,t,0
waive,w,a,i,v,e,0
waltz,w,a,l,t,z,0
warty,w,a,r,t,y,0
waste,w,a,s,t,e,0
watch,w,a,t,c,h,0
water,w,a,t,e,r,0
waver,w,a,v,e,r,0
waxen,w,a,x,e,n,0
weary,w,e,a,r,y,0
weave,w,e,a,v,e,0
wedge,w,e,d,g,e,0
weedy,w,e,e,d,y,0
weigh,w,e,i,g,h,0
weird,w,e,i,r,d,0
welch,w,e,l,c,h,0
welsh,w,e,l,s,h,0
wench,w,e,n,c,h,0
whack,w,h,a,c,k,0
whale,w,h,a,l,e,0
wharf,w,h,a,r,f,0
wheat,w,h,e,a,t,0
wheel,w,h,e,e,l,0
whelp,w,h,e,l,p,0
where,w,h,e,r,e,0
which,w,h,i,c,h,0
whiff,w,h,i,f,f,0
while,w,h,i,l,e,0
whine,w,h,i,n,e,0
whiny,w,h,i,n,y,0
whirl,w,h,i,r,l,0
whisk,w,h,i,s,k,0
white,w,h,i,t,e,0
whole,w,h,o,l,e,0
whoop,w,h,o,o,p,0
whose,w,h,o,s,e,0
widen,w,i,d,e,n,0
wider,w,i,d,e,r,0
widow,w,i,d,o,w,0
width,w,i,d,t,h,0
wield,w,i,e,l,d,0
wight,w,i,g,h,t,0
willy,w,i,l,l,y,0
wimpy,w,i,m,p,y,0
wince,w,i,n,c,e,0
winch,w,i,n,c,h,0
windy,w,i,n,d,y,0
wiser,w,i,s,e,r,0
wispy,w,i,s,p,y,0
witch,w,i,t,c,h,0
witty,w,i,t,t,y,0
woken,w,o,k,e,n,0
woman,w,o,m,a,n,0
women,w,o,m,e,n,0
woody,w,o,o,d,y,0
wooer,w,o,o,e,r,0
wooly,w,o,o,l,y,0
woozy,w,o,o,z,y,0
wordy,w,o,r,d,y,0
world,w,o,r,l,d,0
worry,w,o,r,r,y,0
worse,w,o,r,s,e,0
worst,w,o,r,s,t,0
worth,w,o,r,t,h,0
would,w,o,u,l,d,0
wound,w,o,u,n,d,0
woven,w,o,v,e,n,0
wrack,w,r,a,c,k,0
wrath,w,r,a,t,h,0
wreak,w,r,e,a,k,0
wreck,w,r,e,c,k,0
wrest,w,r,e,s,t,0
wring,w,r,i,n,g,0
wrist,w,r,i,s,t,0
write,w,r,i,t,e,0
wrong,w,r,o,n,g,0
wrote,w,r,o,t,e,0
wrung,w,r,u,n,g,0
wryly,w,r,y,l,y,0
yacht,y,a,c,h,t,0
yearn,y,e,a,r,n,0
yeast,y,e,a,s,t,0
yield,y,i,e,l,d,0
young,y,o,u,n,g,0
youth,y,o,u,t,h,0
zebra,z,e,b,r,a,0
zesty,z,e,s,t,y,0
zonal,z,o,n,a,l,0
